<?xml version="1.0" encoding="UTF-8"?>
<GenRun Id="synth_1" LaunchPart="xc7z010clg400-1" LaunchTime="1705868824">
  <File Type="PA-TCL" Name="counter.tcl"/>
  <File Type="RDS-PROPCONSTRS" Name="counter_drc_synth.rpt"/>
  <File Type="REPORTS-TCL" Name="counter_reports.tcl"/>
  <File Type="RDS-RDS" Name="counter.vds"/>
  <File Type="RDS-UTIL" Name="counter_utilization_synth.rpt"/>
  <File Type="RDS-UTIL-PB" Name="counter_utilization_synth.pb"/>
  <File Type="RDS-DCP" Name="counter.dcp"/>
  <File Type="VDS-TIMINGSUMMARY" Name="counter_timing_summary_synth.rpt"/>
  <File Type="VDS-TIMING-PB" Name="counter_timing_summary_synth.pb"/>
  <FileSet Name="sources" Type="DesignSrcs" RelSrcDir="$PSRCDIR/sources_1" RelGenDir="$PGENDIR/sources_1">
    <Filter Type="Srcs"/>
    <File Path="$PSRCDIR/sources_1/new/src.v">
      <FileInfo>
        <Attr Name="ImportPath" Val="$PPRDIR/../../CMPEN331 LAB0- PARTH GOSAR/CMPEN331 LAB0- PARTH GOSAR.srcs/sources_1/new/src.v"/>
        <Attr Name="ImportTime" Val="1705867036"/>
        <Attr Name="UsedIn" Val="synthesis"/>
        <Attr Name="UsedIn" Val="implementation"/>
        <Attr Name="UsedIn" Val="simulation"/>
      </FileInfo>
    </File>
    <Config>
      <Option Name="DesignMode" Val="RTL"/>
      <Option Name="TopModule" Val="counter"/>
      <Option Name="TopAutoSet" Val="TRUE"/>
    </Config>
  </FileSet>
  <FileSet Name="constrs_in" Type="Constrs" RelSrcDir="$PSRCDIR/constrs_1" RelGenDir="$PGENDIR/constrs_1">
    <Filter Type="Constrs"/>
    <Config>
      <Option Name="ConstrsType" Val="XDC"/>
    </Config>
  </FileSet>
  <FileSet Name="utils" Type="Utils" RelSrcDir="$PSRCDIR/utils_1" RelGenDir="$PGENDIR/utils_1">
    <Filter Type="Utils"/>
    <Config>
      <Option Name="TopAutoSet" Val="TRUE"/>
    </Config>
  </FileSet>
  <Strategy Version="1" Minor="2">
    <StratHandle Name="Vivado Synthesis Defaults" Flow="Vivado Synthesis 2023">
      <Desc>Vivado Synthesis Defaults</Desc>
    </StratHandle>
    <Step Id="synth_design"/>
  </Strategy>
</GenRun>
