<?xml version="1.0" encoding="UTF-8"?>
<GenRun Id="synth_1" LaunchPart="xc7z010clg400-1" LaunchTime="1714510557" LaunchIncrCheckpoint="$PSRCDIR/utils_1/imports/synth_1/DP.dcp">
  <File Type="PA-TCL" Name="DataPath.tcl"/>
  <File Type="RDS-PROPCONSTRS" Name="DataPath_drc_synth.rpt"/>
  <File Type="REPORTS-TCL" Name="DataPath_reports.tcl"/>
  <File Type="RDS-RDS" Name="DataPath.vds"/>
  <File Type="RDS-UTIL" Name="DataPath_utilization_synth.rpt"/>
  <File Type="RDS-UTIL-PB" Name="DataPath_utilization_synth.pb"/>
  <File Type="RDS-DCP" Name="DataPath.dcp"/>
  <File Type="VDS-TIMINGSUMMARY" Name="DataPath_timing_summary_synth.rpt"/>
  <File Type="VDS-TIMING-PB" Name="DataPath_timing_summary_synth.pb"/>
  <FileSet Name="sources" Type="DesignSrcs" RelSrcDir="$PSRCDIR/sources_1" RelGenDir="$PGENDIR/sources_1">
    <Filter Type="Srcs"/>
    <File Path="$PSRCDIR/sources_1/new/Lab3.v">
      <FileInfo>
        <Attr Name="ImportPath" Val="$PPRDIR/../../../../../Downloads/FINAL_EC/Lab3/Lab3.srcs/sources_1/new/Lab3.v"/>
        <Attr Name="ImportTime" Val="1714510166"/>
        <Attr Name="UsedIn" Val="synthesis"/>
        <Attr Name="UsedIn" Val="implementation"/>
        <Attr Name="UsedIn" Val="simulation"/>
      </FileInfo>
    </File>
    <Config>
      <Option Name="DesignMode" Val="RTL"/>
      <Option Name="TopModule" Val="DataPath"/>
      <Option Name="TopAutoSet" Val="TRUE"/>
    </Config>
  </FileSet>
  <FileSet Name="constrs_in" Type="Constrs" RelSrcDir="$PSRCDIR/constrs_1" RelGenDir="$PGENDIR/constrs_1">
    <Filter Type="Constrs"/>
    <Config>
      <Option Name="ConstrsType" Val="XDC"/>
    </Config>
  </FileSet>
  <FileSet Name="utils" Type="Utils" RelSrcDir="$PSRCDIR/utils_1" RelGenDir="$PGENDIR/utils_1">
    <Filter Type="Utils"/>
    <File Path="$PSRCDIR/utils_1/imports/synth_1/DP.dcp">
      <FileInfo>
        <Attr Name="ImportPath" Val="$PPRDIR/../../../../../Downloads/FINAL_EC/Lab3/Lab3.srcs/utils_1/imports/synth_1/DP.dcp"/>
        <Attr Name="ImportTime" Val="1714510556"/>
        <Attr Name="UsedIn" Val="synthesis"/>
        <Attr Name="UsedIn" Val="implementation"/>
        <Attr Name="UsedInSteps" Val="synth_1"/>
        <Attr Name="AutoDcp" Val="1"/>
      </FileInfo>
    </File>
    <Config>
      <Option Name="TopAutoSet" Val="TRUE"/>
    </Config>
  </FileSet>
  <Strategy Version="1" Minor="2">
    <StratHandle Name="Vivado Synthesis Defaults" Flow="Vivado Synthesis 2022"/>
    <Step Id="synth_design"/>
  </Strategy>
</GenRun>
